Email,Sender,DKIM,URL,Label
"F7-1, Our exclusive 11.11 celebration starts today! ",1,1,1,0
"F7-2, Introducing: Binance Web3 Wallet",1,1,1,0
"F7-3, =?UTF-8?B?8J+OgSBQcmltb2dlbXMgaGF2ZSBiZWVuIHNlbnQgdG8geW91ciBtYWlsYm94LiBQbGVhc2Ug?=
  =?UTF-8?B?Y2xhaW0gdGhlbSBpbiB0aW1lfiB8IEdlbnNoaW4gSW1wYWN0?=",1,1,1,0
"F7-4, =?utf-8?Q?=E2=8F=B3Black=20Friday=20Countdown=3A=20LetsDefend?=",1,1,1,0
"F7-5, =?UTF-8?B?SW5zaWRlOiBPdXIgYmVzdCBCbGFjayBGcmlkYXkgc2VsbGluZyB0?=
 =?UTF-8?B?aXBzIPCfkrg=?=",1,1,1,0
"F7-6, Discover your next favorite book",1,1,1,0
"F7-7, Join the One Piece Film Gold Advance Screening!",1,1,1,0
"F7-8, You can get the resources you want without upgrading",1,1,1,0
"F7-9, Apply to top growing companies at the Online Career Fair",1,1,1,0
"F7-10, Escape the everyday with Passenger",1,1,1,0
"F7-11, Just A Few Easy Steps to Score Your Dream Overseas Job",1,1,1,0
"F7-12, LAST CHANCE: Get 40% Off Any Individual Plan",1,1,1,0
"F7-13, Let's get started!",1,1,1,0
"F7-14, Your PwC AC Manila Journey Starts Here!",1,1,1,0
"F7-15, Curiousity or curiosity, which one is it?",1,1,1,0
"F7-16, 2 Days Only: Get 50% Off Academia Premium!",1,1,1,0
"F7-17, Get Meloetta in December! Find Out How!",1,1,1,0
"F7-18, [GlassWire Official Forum] Summary",1,1,1,0
"F7-19, IMDb Tips: Building your Watchlist",1,1,1,0
"F7-20, This Weekend: Get Lifetime Service for Your PC",1,1,1,0
"F7-21, =?UTF-8?Q?Doing=20things=20the=20easy=20way?=",1,1,1,0
"F7-22, Get inspired with these 18 trending ideas",1,1,1,0
"F7-23, =?UTF-8?Q?Creating=20stellar=20visuals=20just=20got=20a=20lot=20easier=2E=20?=",1,1,1,0
"F7-24, 71% discount - The digital cutter for your images",1,1,1,0
"F7-25, GeForce Experience PUBG Game Code Giveaway",1,1,1,0
"F7-26, Cyberlink Powerdirector (PATCH)",1,1,0,0
"F7-27, Inquiry - CNL Invitation",1,1,0,0
"F7-28, Email are not case sensitive",1,1,0,0
"F7-29, Emails are not case sensitive",1,1,0,0
"F7-30, Exam cancelled",1,1,0,0
"F7-31, Re: Exam cancelled ",1,1,0,0
"F7-32, =?utf-8?b?TmV3IGxvZ2lu?=",1,1,0,0
"F7-33, Hey Friends!",1,1,0,0
"F7-34, Simple test message",1,1,0,0
"F7-35, Hello from Python",1,1,0,0
"F7-36, Thank you for your interest in the organization",1,1,1,0
"F7-37, Simple test message again",1,1,1,0
"F7-38, Hey Friends, What's Up",1,1,1,0
"F7-39, How's Life Treating You?",1,1,1,0
"F7-40, Let's Make Plans!",1,1,1,0
"F7-41, Funny Story to Share",1,1,0,0
"F7-42, Planning Weekend Shenanigans",1,1,0,0
"F7-43, Haven't Talked in Ages!",1,1,1,0
"F7-44, Need Your Advice on Something",1,1,1,0
"F7-45, Guess What Happened!",1,1,1,0
"F7-46, Let's Make Plans, Okay???",1,1,1,0
"F7-47, Book Review Request",1,1,1,0
"F7-48, Game Night Proposal",1,1,1,0
"F7-49, Fitness Progress Update",1,1,1,0
"F7-50, Crafting Together",1,1,1,0
"F7-51, Secret Talent Revealed",1,1,1,0
"F7-52, Sending Good Vibes Your Way",1,1,1,0
"F7-53, Let's Taco 'bout Plans",1,1,1,0
F7-54. Weekend State of Mind,1,1,1,0
"F7-55, Tech Talk",1,1,0,0
"F7-56, Let's Conquer the World",1,1,1,0
"F7-57, Inspirational Quote",1,1,1,0
"F7-58, Shenanigans Loading...",1,1,1,0
"F7-59, Personal Achievement Unlocked!",1,1,1,0
"F7-60, You're my everything and more, my most stylish companion!",1,1,1,0
"F7-61, You always know how to make me feel better, my most stylish companion!",1,1,1,0
"F7-62, Slay All Day, Every Day",1,1,1,0
"F7-63, Fun Facts Exchange",1,1,1,0
"F7-64, I'm so grateful for our swag-tastic friendship!",1,1,0,0
"F7-65, Friendship Level: Expert",1,1,0,0
"F7-66, You're my everything, my most stylish companion!",1,1,1,0
"F7-67, Living the Good Life",1,1,1,0
"F7-68, Hustle Mode: Activated",1,1,1,0
"F7-69, Breaking news: Plants can understand classical music",1,1,1,0
"F7-70, I'm so lucky to have you as my friend, my most rad BFF!",1,1,1,0
"F7-71, S'well",1,1,1,0
"F7-72, Top-secret info: I found Atlantis in my bathtub",1,1,1,0
"F7-73, Dyson",1,1,1,0
"F7-74, Movie Night?",1,1,1,0
"F7-75, Project Collaboration",1,1,1,0
"F7-76, Just checking in on my awesomest BFF!",1,1,1,0
"F7-77,  Yeti",1,1,0,0
"F7-78, You're my errand runner, my most chill homie!",1,1,1,0
"F7-79,  Cheers to Unread Emails!",1,1,1,0
"F7-80, I love you, my most swaggy pal!",1,1,1,0
"F7-81, Travel Dreams",1,1,1,0
"F7-82, Unicorn riding lessons next Tuesday",1,1,0,0
"F7-83, Important announcement: My cat's poetry slam next Friday",1,1,1,0
"F7-84, You're my air, my most chill homie!",1,1,1,0
"F7-85, Exclusive invitation: Cloud-watching and conspiracy theories",1,1,1,0
"F7-86, Woke Up Like This",1,1,1,0
"F7-87, The great debate: Pancakes vs. Waffles",1,1,1,0
"F7-88, Gift Ideas Needed",1,1,1,0
"F7-89, Squad Up!",1,1,1,0
"F7-90, Breaking news: Discovered a portal to a parallel universe in my closet",1,1,1,0
"F7-91, Hobbies Update",1,1,0,0
"F7-92, Crosley",1,1,0,0
"F7-93, Planning a Surprise",1,1,1,0
"F7-94, Cinematic Chronicles: Your Weekly Fix!",1,1,1,0
"F7-95, You're my rock, my most epic buddy!",1,1,1,0
"F7-96, Future Goals Discussion",1,1,1,0
"F7-97, Need Your Advice on Something",1,1,0,0
"F7-98, Invention idea #237: Glow-in-the-dark ice cream",1,1,0,0
"F7-99, Recipe Swap",1,1,0,0
"F7-100, GoPro",1,1,0,0
"F4, Question from eBay Member regarding Item #150057720098",1,0,-1,1
"F4, WARNING-IFRAME-AOL - Account Billing Review.",1,0,-1,1
"F4, Bank Of America Online Security Update",1,0,-1,1
"F4, Important Account Notification.",1,0,-1,1
"F4, Message From Wellsfargo Online  Banking",1,0,-1,1
"F4, ""Please Update Your Amazon Account !""",1,0,-1,1
"F4, Bank of America Alert: Online Account Locked",1,0,-1,1
"F4, Update Your eBay Profile !",1,0,-1,1
"F4, Question about item #260067307240 AIR-ZONE\AE PROFESSIONAL 14,000 mg PRO OZONE GENERATOR!",1,0,-1,1
"F4, NOTIFICATION: Limited Account Access (PP-192-084-509)",1,0,-1,1
"F4, please Update Your Profile - Personal Information Error",1,0,-1,1
"F4, Bank of America alert: Your Online Banking Is Blocked",1,0,-1,1
"F4, Changes made To Your Account!!!!",1,0,-1,1
"F4, Amazon request Please follow the Member Verification Procedure",1,0,-1,1
"F4, Notification from Billing Department",1,0,-1,1
"F4, Bank of America alert: Compromised Online Banking account",1,0,-1,1
"F4, Restore Your Account Access - geeks@example.com",1,0,-1,1
"F4, Fifth Third Bank - security issues",1,0,-1,1
"F4, eBay Unpaid Item Dispute #110075829448 -- response required",1,0,-1,1
"F4, please update your details",1,0,-1,1
"F5-200, Ik denk dat dit wat voor jou is",1,0,-1,1
"F5-1001, =?UTF-8?Q?=5BA=DC=BFl=DC=BFe=DC=BFrt=5D_Co=DC=BFnf?=
 =?UTF-8?Q?=DC=BFi=DC=BFrm_yo=DC=BFur_i=DC=BFnfo_is?=
 =?UTF-8?Q?_r=DC=BFeq=DC=BFuired=DC=BF_=5BC=DC=BFa?=
 =?UTF-8?Q?=DC=BFse_ID_153465=5D?=",1,0,0,1
"F5-1002,  =?UTF-8?Q?=5BA=DC=BFl=DC=BFe=DC=BFrt=5D_Co=DC=BFnf?=
 =?UTF-8?Q?=DC=BFi=DC=BFrm_yo=DC=BFur_i=DC=BFnfo_is?=
 =?UTF-8?Q?_r=DC=BFeq=DC=BFuired=DC=BF_=5BC=DC=BFa?=
 =?UTF-8?Q?=DC=BFse_ID_153465=5D?=",1,0,0,1
"F5-990, Grow Your XRP Holdings",1,1,-1,1
"F5-201, RE (2): You have a pending transaction !",1,1,-1,1
F5-202 Heb jij dit weekend tijd?,1,0,-1,1
"F5-1003, No time to lose - XRP Token Allocation in progress",1,0,-1,1
"F5-1006, #rodrigofp: ARB Airdrop is now Live",1,0,0,1
"F5-1007, Good news and rewards for the XRP Community",1,0,-1,1
"F5- 1008, [IMPORTANT] Your wallet is temporary Disabled!",1,0,-1,1
"F5-1010, ?utf-8?B?TGliZXJhw6fDo28gZGUgSVJQRiAtIDZOd2x5ZnpXY3NOZXJ2?=
	=?utf-8?B?MA==?=",1,0,0,1
"F5-1013, More benefits from Ripple with the Allocation Program",1,0,-1,1
"F5-1015, =?ISO-8859-1?Q?A=E7=E3o_Trabalhista_!?=",1,0,-1,1
"F5-1017, [Binance] Withdraw Successful - 2023-07-30 51:51:51(UTC)",1,0,0,1
"F5-1018, =?utf-8?B?Q3LDqWRpdG8gSVIgTGliZXJhZG8gLSBtYUhTa2gwV0xSVUlw?=
	=?utf-8?B?RGY2dA==?=",1,0,0,1
"F5-1019, =?utf-8?B?Q3LDqWRpdG8gSVIgTGliZXJhZG8gLSB2NVYwWlZSZTFIamF6?=
	=?utf-8?B?bGlxUW9Zeg==?=",1,0,0,1
"F5-1020, Desvende os Segredos do Momentum Trading em",1,0,-1,1
"F5-1021, _Get_Rid_of_Back_Pain_Easily.Try_Therapal!_",1,0,-1,1
"F5-1024, =?UTF-8?Q?=5BImportant=5D_Unauthorized_access=3B_Your_A=DC=BFm=DC=BFa=DC=BFz=DC=BFon?=
	=?UTF-8?Q?_account_has_been_locked=2C_Verify_your_account_now=2E_=23CASE=2DID=3A?=
	=?UTF-8?Q?_072522=2E3871922?=",1,0,0,1
"F5-1025, Important: You phone number has been changed - Case# 83899065",1,0,0,1
"F5-1026, [IMPORTANT] Your wallet has been Blocked",1,0,-1,1
"F5-1032, Lido Community Rewards",1,0,0,1
"F5-1046, Notice : Your Wallet is currently Suspended!",1,0,-1,1
"F5-1047, Notificacao de Credito-HDvRHTDRqwS7abE",1,0,0,1
"F5-1054, =?ISO-8859-1?Q?Rodrigo_temos_uma_proposta_exclusiva_?= =?ISO-8859-1?Q?esperando_voc=EA?=",1,0,-1,1
"F5-1058, =?utf-8?B",1,0,-1,1
"F5-1059, =?ISO-8859-1?Q?A=C7=C3O_TRIBUTARIA_DO_TRABALHO?=",1,0,-1,1
"F5-1061, Action required for validate. Ref-325234325",1,0,0,1
"F5-1063, Imp–ærtant Inf–ærmation Fr–æm AT&T!",1,0,-1,1
"F5-1070, Verify Your Wallet Now to Ensure Safe and Smooth Access",1,0,-1,1
"F5-9, You sent 0.79 ETH via Ethereum network",1,0,0,1
"F5-1460, Want to Boost Your Savings? Here's the Energy Trick",1,0,-1,1
"F5-1461, wir gratulieren Ihnen recht herzlich.",1,0,-1,1
"F5-1462, #rodrigofp: BNB",1,0,0,1
"F5-1463, ?UTF-8?B?Q2FzZSBOwrA=?=01237: Your Assets Are Now Available",1,0,-1,1
"F5-1464, confirm your account please 6198628",1,0,-1,1
"F5-1465, Das ist leider das letzte Mal",1,0,-1,1
"F5-999, Rodrigo-f-p, your wallet is still pending verification!",1,0,-1,1
"F5-1467,I Await Your Response",1,0,0,1
"F5-1468, Livelo Informa: Voce tem saldo disponivel para resgate expirando em breve!",1,0,0,1
"F5-1469, Nachricht f√ºr dich!",1,0,-1,1
"F5-1470, 500‚Ç¨ EDEKA-Gutschein erhalten",1,0,-1,1
"F5-1472, Seus 13574 pontos vao vencer1uimIP3YlmBD5",1,0,0,1
"F5-1475, Stay Ahead: The Future of Energy is Here",1,0,-1,1
"F5-993, =?UTF-8?q",1,0,-1,1
"F5-1481, Parcela Liberada - 03/10/2023 13:42",1,0,0,1
"F5-1482, Act Now for a Complete Efficiency Overhaul of Your Home!",1,0,-1,1
"F5-998, Rodrigo-f-p, Urgent: Account Verification Required",1,0,-1,1
"F5-1484, Bold move to release tokens to our supporters",1,0,-1,1
"F5-1485, =?UTF-8?B?Q2FzZSBOwrA=?=01237: Your Assets Are Now Available",1,0,-1,1
"F5-1863, =?iso-8859-1?Q?Fwd:_Notifica=E7=E3o_ao_cliente_-_Cod._0ZtmBEX6XLEEUXa4l?=",1,0,-1,1
"F5-1230, Action Required: Account Suspension Notification",1,0,-1,1
"F5-122, Project Funding",1,0,0,1
"F5-541, NitroWall With Fast i7 CPU, WiFi 5, OpenWrt",1,0,0,1
F5-484 =?utf-8?B?Rnc6IOKMmiDwnZi+8J2ZivCd,1,0,0,1
"F5-1398, =?UTF-8?Q?Rodrigo-f-p_=F0=9F=8E=89_Claim_Your_Cashback_Airdrop?=
 =?UTF-8?Q?_Today_5000USDT_!_=F0=9F=9A=80?=",1,0,-1,1
"F5-574, =?UTF-8?B?SW5mb3JtYcOnw6NvIGltcG9ydGFudGU=?=",1,0,-1,1
"F5-730, You have 24 hours to withdraw +13185$",1,0,0,1
"F5-666, Trinity Ham",1,0,0,1
"F5-1367, Resgate de Pontos Pendente-p63j86ErKxe8qp3",1,0,0,1
"F5-1183, emainder : Invalid Billing Payment #4808-11142-22251 On August 23 2023",1,0,0,1
"F5-540, =?utf-8?B?Rnc6IPCfkoo=?=",1,0,0,1
"F5-1392, ?utf-8?q?=5BImportant=5D_Unlock_your_wallet_to_avoid_suspension?=",1,0,-1,1
"F5-803, Allocation of reserved XRP starts today",1,0,-1,1
"F5-72, =?utf-8?q?Your_w=D0=B0llet_h=D0=B0s_failed_the_Upgr=D0=B0de!?=",1,0,-1,1
"F5-871, Start the day with a bonus from Amazon Prime",1,1,-1,1
"F5-634, Fw: Part-time Job Offer.",1,0,0,1
"F5-1223, USDT Withdrawal Request Received",1,0,0,1
"F5-491, Fw: Urgent Notice: Unrecognized Login Attempt to Your Account",1,1,-1,1
"F5-375, Your Cryptocurrency is currently restricted",1,1,-1,1
"F5-1175, hlj789l7",1,1,-1,1
"F5-567, Your package delivery Notification ID#5s38z-338 _572856=F0=9F=9A= =9B=F0=9F=9A=9B",1,1,-1,1
"F5-657, #59277786: PEPE Token Airdrop is Now Live",1,1,-1,1
"F5-722, Fatura Emitida - KtSaGYsPn9djSGR",1,1,0,1
"F5-1363, Extrato em anexo - Cod.kn75GA7UomX0oPD",1,1,0,1
"F5-766, claim of $2,500,000",1,1,0,1
"F5-600, Anahi Bass",1,1,-1,1
"F5-433, your shipment will not be delivered !",1,1,-1,1
"F5-673, Accounts with a balance of +16.897$ will be blocked!",1,1,-1,1
"F5-1247, Fw: The 6 Best Ways To Easily Make Money on Swagbucks (paid out over",1,1,-1,1
F5 - Account Registration,1,0,0,0
F5 - Boss Moves Only,1,1,0,0
F5 - Bucket List Check-in,1,1,0,0
F5 - Current Mood,1,1,0,0
F5 - Emoji Overload Alert,1,1,0,0
F5 - Eto na,1,1,1,0
F5 - Expert Sharing,1,0,0,0
F5 - Fireside Chat vibe,1,1,0,0
F5 - Fitness Progress Update,1,1,0,0
F5 - For Presentation,1,1,0,0
F5 - Funny Story to Share,1,1,0,0
F5 - Funny Story to Share (1),1,1,0,0
F5 - Gardening Tips,1,1,0,0
F5 - How's life treating you,1,1,0,0
F5 - I am sharing a document,1,1,0,0
F5 - Joke of the day,1,1,0,0
F5 - Lets conquer the world,1,1,0,0
F5 - Lets taco about goals,1,1,0,0
F5 - Lets taco about plans,1,1,0,0
F5 - Letter Resignation,1,1,0,0
F5 - New Recipe,1,1,0,0
"F5 - No Drama, Just Llama",1,1,0,0
"F5 - No Drama, Just Dreams (1)",1,1,0,0
"F5 - No Drama, Just Dreams",1,1,0,0
F5 - Oral Commu,1,1,1,0
F5 - Pet Stories,1,1,1,0
F5 - Planning Weekend,1,1,1,0
F5 - Planning Surprise (1),1,1,1,0
F5 - Planning Surprise (2),1,1,1,0
F5 - Planning Surprise (3),1,1,1,0
F5 - Python Game Demo,1,1,0,0
F5 - Random Thoughts,1,1,0,0
F5 - Ready to turn up,1,1,0,0
F5 - Roster pi,1,1,1,0
F5 - Secret talent revealed,1,1,0,0
F5 - Ready to turn up,1,1,0,0
F5 - Sup Rockstar,1,1,1,0
F5 - Virtual Party Plans,1,1,1,0
F5 - Volunteer Opportunity,1,1,1,0
F5 - Wassup Superstar,1,1,1,0
F5 - Woke up like this,1,1,1,0
F5 - Original msg (1),1,1,0,0
F5 - Original msg (2),1,1,0,0
F5 - Original msg (3),1,1,1,0
F5 - Original msg,1,1,1,0
F2 - Book Review,1,1,0,0
F2 - Bucket List Check-in,1,1,0,0
F2 - Career insights,1,1,0,0
F2 - Crafting together,1,1,0,0
F2 - Drippin in friendship,1,1,1,0
F2 - Emoji Overload Alert,1,1,1,0
F2 - Fun facts exchange,1,1,1,0
F2 - Funny story,1,1,1,0
F2 - Game night proposal,1,1,0,0
F2 - Good news,1,1,0,0
F2 - Hustle News,1,1,0,0
F2 - Keepin it real,1,1,0,0
F2 - Living the good lfie,1,1,0,0
F2 - need your advice,1,1,0,0
F2 - Planning something,1,1,0,0
F2 - Secret Talent,1,1,0,0
F2 - Seeking Advice,1,1,1,0
F2 - Squad up,1,1,1,0
F2 - Travel Dreams,1,1,0,0
F3 - Commercial,1,1,1,0
F3 - Getnice,1,1,1,0
F3 - Hello,1,1,0,0
F3 - Nike,1,1,0,0
F3 - Special Discount,1,1,1,0
F3 - Welcome to cutout pro,1,1,1,0
F3 - Check,1,1,0,0
F3 - Invite,1,1,1,0
F3 - New,1,1,0,0
F3 - Orig Msg (1),1,1,1,0
F3 - Orig Msg (10),1,1,1,0
F3 - Orig Msg(12),1,1,1,0
F3 - Orig Msg(13),1,1,1,0
F3 - Orig Msg(2),1,1,1,0
F3 - Orig Msg(3),1,1,1,0
F3 - Orig Msg(7),1,1,1,0
F3 - Orig Msg,1,1,1,0
F4 - Celebrating Small Wins,1,1,1,0
F4 - Feeling Fly Today,1,1,0,0
F4 - Future Goals Discussion,1,1,0,0
F4 - Future Legends Only,1,1,0,0
F4 - Good nEws,1,1,0,0
F4 - How's Life treating you,1,1,0,0
F4 - Keepin it Real,1,1,0,0
F4 - New recipe experiment,1,1,0,0
"F4 - No Sleep, just dreams",1,1,0,0
F4 - Planning Weekend shenanigan,1,1,0,0
F4 - Planning a surprise,1,1,0,0
F4 - Plotting our next adventure,1,1,0,0
F4 - Quick question,1,1,0,0
F4 - Quick question,1,0,-1,1
F4 - Recipe Swap,1,0,-1,1
F4 - Volunteer Opportunity,1,0,-1,1
F4 - Weekend Adventures,1,0,-1,1
F4 - Remember when stories,1,0,-1,1
F4 - Remember when stories,1,0,-1,1
F6 - phishing2 - 0.eml,1,0,-1,1
F6 - phishing2 - 1.eml,1,0,-1,1
F6 - phishing2 - 10.eml,1,0,-1,1
F6 - phishing2 - 100.eml,1,0,-1,1
F6 - phishing2 - 1000.eml,1,0,-1,1
F6 - phishing2 - 1001.eml,1,0,-1,1
F6 - phishing2 - 1002.eml,1,0,-1,1
F6 - phishing2 - 1003.eml,1,0,-1,1
F6 - phishing2 - 1004.eml,1,0,-1,1
F6 - phishing2 - 1005.eml,1,0,-1,1
F6 - phishing2 - 1006.eml,1,0,-1,1
F6 - phishing2 - 1007.eml,1,0,-1,1
F6 - phishing2 - 1008.eml,1,0,-1,1
F6 - phishing2 - 1009.eml,1,0,-1,1
F6 - phishing2 - 101.eml,1,0,-1,1
F6 - phishing2 - 1010.eml,1,0,-1,1
F6 - phishing2 - 1011.eml,1,0,-1,1
F6 - phishing2 - 1012.eml,1,0,-1,1
F6 - phishing2 - 1013.eml,1,0,-1,1
F6 - phishing2 - 1014.eml,1,0,-1,1
F6 - phishing2 - 1015.eml,1,0,-1,1
F6 - phishing2 - 1016.eml,1,0,-1,1
F6 - phishing2 - 1017.eml,1,0,-1,1
F6 - phishing2 - 1018.eml,1,0,-1,1
F6 - phishing2 - 1019.eml,1,0,-1,1
F6 - phishing2 - 102.eml,1,0,-1,1
F6 - phishing2 - 1020.eml,1,0,-1,1
F6 - phishing2 - 1021.eml,1,0,-1,1
F6 - phishing2 - 1022.eml,1,0,-1,1
F6 - phishing2 - 1023.eml,1,0,-1,1
F6 - phishing2 - 1024.eml,1,0,-1,1
F6 - phishing2 - 1025.eml,1,0,-1,1
F6 - phishing2 - 1026.eml,1,0,-1,1
F6 - phishing2 - 1027.eml,1,0,-1,1
F6 - phishing2 - 1028.eml,1,0,-1,1
F6 - phishing2 - 1029.eml,1,0,-1,1
F6 - phishing2 - 103.eml,1,0,-1,1
F6 - phishing2 - 1030.eml,1,0,-1,1
F6 - phishing2 - 1031.eml,1,0,-1,1
F6 - phishing2 - 1032.eml,1,0,-1,1
F6 - phishing2 - 1033.eml,1,0,-1,1
F6 - phishing2 - 1034.eml,1,0,-1,1
F6 - phishing2 - 1035.eml,1,0,-1,1
F6 - phishing2 - 1036.eml,1,0,-1,1
F6 - phishing2 - 1037.eml,1,0,-1,1
F6 - phishing2 - 1038.eml,1,0,-1,1
F6 - phishing2 - 1039.eml,1,0,-1,1
F6 - phishing2 - 104.eml,1,0,-1,1
F6 - phishing2 - 1040.eml,1,0,-1,1
F6 - phishing2 - 1041.eml,1,0,-1,1
F6 - phishing2 - 1042.eml,1,0,-1,1
F6 - phishing2 - 1043.eml,1,0,-1,1
F6 - phishing2 - 1044.eml,1,0,-1,1
F6 - phishing2 - 1045.eml,1,0,-1,1
F6 - phishing2 - 1046.eml,1,0,-1,1
F6 - phishing2 - 1047.eml,1,0,-1,1
F6 - phishing2 - 1048.eml,1,0,-1,1
F6 - phishing2 - 1049.eml,1,0,-1,1
F6 - phishing2 - 105.eml,1,0,-1,1
F6 - phishing2 - 1050.eml,1,0,-1,1
F6 - phishing2 - 1051.eml,1,0,-1,1
F6 - phishing2 - 1052.eml,1,0,-1,1
F6 - phishing2 - 1053.eml,1,0,-1,1
F6 - phishing2 - 1054.eml,1,0,-1,1
F6 - phishing2 - 1055.eml,1,0,-1,1
F6 - phishing2 - 1056.eml,1,0,-1,1
F6 - phishing2 - 1057.eml,1,0,-1,1
F6 - phishing2 - 1058.eml,1,0,-1,1
F6 - phishing2 - 1059.eml,1,0,-1,1
F6 - phishing2 - 106.eml,1,0,-1,1
F6 - phishing2 - 1060.eml,1,0,-1,1
F6 - phishing2 - 1061.eml,1,0,-1,1
F6 - phishing2 - 1062.eml,1,0,-1,1
F6 - phishing2 - 1063.eml,1,0,-1,1
F6 - phishing2 - 1064.eml,1,0,-1,1
F6 - phishing2 - 1065.eml,1,0,-1,1
F6 - phishing2 - 1066.eml,1,0,-1,1
F6 - phishing2 - 1067.eml,1,0,-1,1
F6 - phishing2 - 1068.eml,1,0,-1,1
F6 - phishing2 - 1069.eml,1,0,-1,1
F6 - phishing2 - 107.eml,1,0,-1,1
F6 - phishing2 - 1070.eml,1,0,-1,1
F6 - phishing2 - 1071.eml,1,0,-1,1
F6 - phishing2 - 1072.eml,1,0,-1,1
F6 - phishing2 - 1073.eml,1,0,-1,1
F6 - phishing2 - 1074.eml,1,0,-1,1
F6 - phishing2 - 1075.eml,1,0,-1,1
F6 - phishing2 - 1076.eml,1,0,-1,1
F6 - phishing2 - 1077.eml,1,0,-1,1
F6 - phishing2 - 1078.eml,1,0,-1,1
F6 - phishing2 - 1079.eml,1,0,-1,1
F6 - phishing2 - 108.eml,1,0,-1,1
F6 - phishing2 - 1080.eml,1,0,-1,1
F6 - phishing2 - 1081.eml,1,0,-1,1
F6 - phishing2 - 1082.eml,1,1,1,0
F6 - phishing2 - 1083.eml,1,1,0,0
F6 - phishing2 - 1084.eml,1,1,1,0
F6 - phishing2 - 1085.eml,1,1,1,0
F6 - phishing2 - 1086.eml,1,1,1,0
F6 - phishing2 - 1087.eml,1,1,1,0
F8 - 1. Your request is now resolved,1,1,1,0
F8 - 2. Have you registered your SIM yet,1,1,1,0
F8 - 3. Can You Spot The Problem?,1,1,1,0
F8 - 4. Use AI to generate websites in minutes!,1,1,1,0
F8 - 5. New ways to find inspiration at MAX this year!,1,1,1,0
F8 - 6. Last chance_ Up to 15% off ends today,1,1,1,0
F8 - 7. PARTY BEGINS üéâ 11.11 Shopping Festival starts now!,1,1,0,0
F8 - 8. BEWARE_ Blinding!!!,1,1,1,0
F8 - 9. Updates to our Privacy Policy,1,1,1,0
F8 - 10. Your 3 keys for building in Notion,1,1,1,0
"F8 - 11. Upgrade to iPhone 15, 0% interest!",1,1,1,0
F8 - 12. Welcome to Looker Studio,1,1,1,0
F8 - 13. Your voice matters,1,1,1,0
F8 - 14. Updates to Google Play Terms of Service,1,1,1,0
F8 - 15. Instructions for DICT‚Äôs Online Courses,1,1,1,0
F8 - 16. Courses you can complete in 8 hours or less,1,1,1,0
"F8 - 17. Tetris Strategy, Data Doodles, and Retro Spacetime",1,1,1,0
F8 - 18. SHEIN 11.11 _ Don't miss out on our epic sale! Up to 90% off!,1,1,1,0
F8 - 19. Want to unlock more ways to save,1,1,1,0
"F8 - 20. Earn a MAYC or Sandbox NFT, and Share 30,000 USDT",1,1,1,0
F8 - 21. One Time Only! Up to 50% off Pro,1,1,1,0
F8 - 22. Show Me Your Glory,1,1,1,0
"F8 - 23. Taskade API, Media AI Chat, Web Research Agent!",1,1,1,0
F8 - 24. A scary fast way to create flashcards,1,1,1,0
F8 - 25. Connect your project to your preferred Headless CMS,1,1,1,0
F8 - 26. MeasureMasters Reopening Soon,1,1,1,0
F8 - 23. Introducing_ Perplexity Collections,1,1,0,0
F8 - 28. The best professional platforms for every mood,1,1,1,0
F8 - 29. Make your job search easier_ 20% off resumes,1,1,1,0
F8 - 30. This week's top trending products,1,1,1,0
F8 - 31. Free NLT Life Application Study Bible! Limited Time in App Offer,1,1,1,0
F8 - 32. Welcome to WordPress.com! Let‚Äôs get started.,1,1,0,0
F8 - 33. You can now send funds via QR in seconds!,1,1,0,0
F8 - 34. Looking for the perfect getaway_,1,1,1,0
F8 - 35. Personalise your Windows 11 experience for security and accessibility,1,1,1,0
F8 - 36. Get P100 off + cashback on GetMeds,1,1,1,0
F8 - 37. [REMINDER] BPI D.A.T.A. Wave Summit 2023 Attendance Confirmation,1,1,1,0
F8 - 38. Welcome to VYBE!,1,1,1,0
F8 - 39. Apply for a Citi Personal Loan up to P2M today and pay in as long as 5 years!,1,1,1,0
F8 - 40. Turn bright ideas into brilliant images,1,1,1,0
F8 - 41. Year end party is better with ice cream!,1,1,1,0
F8 - 42. Try Filmora AI power to make your editing smarter!,1,1,1,0
"F8 - 43. Merry Christmas, ayemgi! We have a special gift for you",1,1,1,0
F8 - 44. Notion 2.19,1,1,1,0
F8 - 45. New and Improved Embeddings API,1,1,1,0
F8 - 46. Surprise! We have a gift for you!,1,1,1,0
F8 - 47. Drive inclusion and collaboration with Slido,1,1,1,0
F8 - 48. What Is the Doctrine of Election_,1,1,1,0
F8 - 49. Breaking News_ New Translators Appointed to NLT Translation Committee,1,1,1,0
F8 - 50. New_ Introducing the Kotlin course on SoloLearn,1,1,1,0
F8 - 51. _What‚Äôs new with Windows 11,1,1,1,0
F8 - 52. Your guide to The New BPI App,1,1,1,0
F8 - 53. These courses are just for you,1,1,1,0
F8 - 54. What I have learned from hosting 40+ Analytics sessions at MeasureSummit 2023,1,1,1,0
F8 - 55. Collect Stars Any Way You Pay,1,1,1,0
"F8 - 56. Manila homes, just for you",1,1,1,0
F8 - 57. Supercell ID terms of service update,1,1,1,0
F8 - 58. Member Access_ Air Jordan 1 Low 'Black Cement',1,1,0,0
F8 - 59. Women's Exclusive at Nike by ATC,1,1,1,0
F8 - 60. Almost! Almost! You have almost achieved the next level!,1,1,1,0
F8 - 61. No credit card_ You should open this!,1,1,1,0
F8 - 62. Go Annual + Save up to 16% on Zoom One Pro,1,1,1,0
F8 - 63. SPayLater Due Date Reminder,1,1,1,0
F8 - 64. FREE Krispy Kreme Doughnuts with your debit card!,1,1,1,0
F8 - 65. BPI Online login with GCASH Notification,1,1,1,0
"F8 - 66. Your Google Play Order Receipt from Nov 2, 2023",1,1,1,0
F8 - 67. Your Google One storage is 87% full,1,1,1,0
F8 - 68. Get started with Bard,1,1,1,0
69. You have apps approved and ready to use with Zoom,1,1,1,0
F8 - 70. Get 30% OFF on your next GrabCar ride! Use code RIDEAGAIN,1,1,1,0
F8 - 71. Up to 75% OFF ang living room tech ngayon!,1,1,1,0
F8 - 72. FLASH SALE l 20% OFF on DSA,1,1,1,0
F8 - 73. Your latest transactions,1,1,1,0
F8 - 74. This week's hottest products üî•,1,1,0,0
F8 - 75. The Year of the Rabbit is coming!,1,1,1,0
F8 - 76. The Significance of Jesus Becoming a Man,1,1,1,0
F8 - 77. Thank you for choosing the New International Version,1,1,1,0
"F8 - 78. Hannah Grace, you‚Äôre getting noticed",1,1,1,0
F8 - 79. [GitHub] A third-party OAuth application has been added to your account,1,1,1,0
F8 - 80. Please share your experience with us.,1,1,1,0
F8 - 81. Info Session Confirmation,1,1,0,0
F8 - 82. Pre-approval at Bella Condotel @Wind Residences Taal view,1,1,0,0
F8 - 83. Tick-tock... Your Exclusive Black Friday Deal Awaits!,1,1,0,0
F8 - 84. Updates to our Terms and Policies,1,1,1,0
F8 - 85. Invitation to book Vilma‚Äôs place in Tagaytay,1,1,1,0
F8 - 86. SPayLater Due Date Reminder,1,1,1,0
F8 - 87. Interbank Funds Transfer Confirmation,1,1,1,0
F8 - 88. Mobile Key Activation,1,1,1,0
F8 - 89. Buy big right from home! üè° ,1,1,1,0
F8 - 90. Capstone Intel Corporation and others share their thoughts on LinkedIn,1,1,1,0
"F8 - 91. New jobs from your November 19, 2023 feed",1,1,0,0
F8 - 92. Hayden Brown and others share their thoughts on LinkedIn,1,1,0,0
F8 - 93. What‚Äôs your favourite social media channel_,1,1,0,0
F8 - 94. 1 easy fix so employers can connect,1,1,0,0
F8 - 95. You appeared in 2 searches,1,0,-1,1
F8 - 96. PETNET _ IT Intern Application & Interview Invitation,1,0,-1,1
F8 - 97. Subject_ Application Update for Internship Program at 1Devs PH,1,0,-1,1
F8 - 98. REQUIREMENTS FOLLOW-UP AND ONBOARDING DETAILS,1,0,-1,1
F8 - 99. INTERNS ONBOARDING-KNOWLES TI,1,0,-1,1
F8 - 100. Application for Internship Program,1,0,-1,1
F5 - 1670. You have won an 170 Piece Stanley Tool Set,1,0,-1,1
F5 -  1680. .Valores disponiveis Resgate agora,1,0,-1,1
"F5 - 1750. phishing@pot, Please verify ",1,0,-1,1
F5 - 1751. __'2ND~'ATTEMPT'~F0R' ~~*_,1,0,-1,1
F5 - 1752. 100% kostenlos und ohne Bedingungen,1,0,-1,1
F5 - 1753. an urgent question for you,1,0,-1,1
F5 -  1754. Bitcoin up +12.88% in the last 7d,1,1,-1,1
F5 - 1755. ___________C0NFIRMATI0N-53668*RLK~~~*___,1,0,-1,1
"F5 - 1756. congrats, you've been selected",1,0,-1,1
"F5 -  1757. congrats, you've been selected",1,0,-1,1
F5 - 1758. Final Notice Coming for a T-Mobile  $90 Offer  Consumer Rewards,1,0,-1,1
F5 - 1759. hurry up ! Rewards have arrived!,1,0,-1,1
F5 - 1760. Notice: Wholesale Survey Offer expiring soon!,1,0,-1,1
F5 -  1761. Memecoin by Memeland ($MEME) Airdrop,1,0,-1,1
F5 - 1762. Someone tried to Iog in To Your Account,1,0,-1,1
F5 -  1800. Virus detected on your device! Download now!,1,0,-1,1
F5 - 1801. Congratulations - Details Apply,1,0,-1,1
"F5 - 1809.  phishing@pot, Please verify ",1,0,0,1
F5 - 1810. Your Antivirus Subscription Has Expired This Is A Critical Issue That Requires Urgent Action Now!,1,1,0,1
"F5 - 1813. Dear Fund Beneficiary, 170",1,1,0,1
F5 - 1830. Your account has been flagged for unusual activity,1,0,-1,1
"F5 - 1855. Someone tried to Iog in To Your Account, User lD",1,0,-1,1
F5 - 1000. Binance Cybersecurity,1,0,0,1
"F5 - 1001. =?UTF-8?Q?=5BA=DC=BFl=DC=BFe=DC=BFrt=5D_Co=DC=BFnf?=
 =?UTF-8?Q?=DC=BFi=DC=BFrm_yo=DC=BFur_i=DC=BFnfo_is?=
 =?UTF-8?Q?_r=DC=BFeq=DC=BFuired=DC=BF_=5BC=DC=BFa?=
 =?UTF-8?Q?=DC=BFse_ID_153465=5D?=",1,1,0,1
F5 - 1005. #CRYPTO#,1,0,0,1
F5 - 1006. #rodrigofp: ARB Airdrop is now Live,1,1,0,1
F5 - 1007. Good news and rewards for the XRP Community,1,1,0,1
F5 - 1008. [IMPORTANT] Your wallet is temporary Disabled!,1,0,0,1
"F5 - 1009. COMPENSATION FUND OF $6,400,000.00 MILLION USD",1,0,-1,1
F5 - 1015. =?ISO-8859-1?Q?A=E7=E3o_Trabalhista_!?=,1,0,-1,1
"F5 - 1016. Attention:I am Diplomatic agent Mr.Wood Forest,",1,0,-1,1
F5 -  1017. [Binance] Withdraw Successful - 2023-07-30 51:51:51(UTC),1,0,-1,1
"F5 - 1018. =?utf-8?B?Q3LDqWRpdG8gSVIgTGliZXJhZG8gLSBtYUhTa2gwV0xSVUlw?=
	=?utf-8?B?RGY2dA==?=",1,0,-1,1
F5 - 1035. Microsoft account unusual signin activity,1,0,-1,1
F5 - 1040. 3nd attempt: You Are Our July Winner Ultimate Nonstick Cookware,1,0,0,1
F5 - 1045. Nehmen Sie an unserer Umfrage teil und gewinnen Sie ein Gutschein von Decathlon im Wert von 1.000 Euro.,1,1,0,1
F5 - 1046. Notice : Your Wallet is currently Suspended!,1,1,-1,1
F5 - 1049. 52Greetings to You my good friend,1,0,-1,1
F5 - 1050.  ùïÄùïôùï£ ùïö‚ÑÇùïùùï†ùï¶ùïï-ùïäùï°ùïñùïöùïîùïôùïñùï£ ùïöùï§ùï• ùïßùï†ùïùùïù,1,0,-1,1
F5 - 1070. Verify Your Wallet Now to Ensure Safe and Smooth Access,1,1,0,1
F5 - 1095. Compliment of the season (Can you handle USD$87M?),1,0,-1,1
F5 - 1096. Corvo,1,0,-1,1
F5 - 1100. update your KYC on your profile,1,1,0,1
F5 - 1115. Personalisierte Prognose f√ºr schnellen Gewichtsverlust,1,1,0,1
F5 - 1119. PURE LOAN,1,1,0,1
F5 - 1120. Urgent: Verify Your Wallet to Prevent Suspension,1,1,-1,1
F5 - 1130. =?UTF-8?Q?=E2=9A=A0=EF=B8=8F_Urgent:_Verify_Your_Account_Now?=,1,1,0,1
F5 - 1142. #rodrigofp: USDT v2: Upgrading ERC-20 token,1,0,-1,1
F5 - 1150. =?UTF-8?Q?Aten=C3=A7=C3=A3o_Itau_-_fg46qFdZiRVH3jI?=,1,1,0,1
F5 - 1151. iuytdfgh,1,0,-1,1
F5 - 1165. Remainder : Invalid Billing Payment #4808-11142-22251 On August 23 2023,1,0,-1,1
F5 - 1166. _You're_on_our_List_,1,0,0,1
"F5 - 1168. Final warning
  - Action Required",1,1,0,1
F5 - 1169. Password Expiry Notification for phishing@pot,1,1,0,1
F5 - 1170. REF,1,1,0,1
F5 - 1171. INFO ,1,1,0,1
F5 - 1174. HELLO,1,1,0,1
F5 - 1185. #rodrigofp: stETH Airdrop,1,0,-1,1
F5 - 1186. Proton account shutdown *** Login now,1,1,0,1
F5 - 1187. *** Proton Account Shutdown ***,1,1,0,1
F5 - 1189. Check your document,1,0,0,1
F5 - 1190. Final Warning - Important Notification,1,1,0,1
F5 - 1191. Attention: Blocked Messages !!!,1,0,-1,1
F5 - 1192. phishing@pot has reached the quota limit,1,1,-1,1
F5 - 1194. Please answer me its very urgent,1,1,-1,1
F5 - 1195. Re: NEED YOUR HELP,1,1,0,1
F5 - 1198. Action Required: Password Expiry Notice!!!,1,1,0,1
F5 - 1199. THE PRIME,1,1,0,1
F5 - 1215. Unlocking Rewards: zkSync  Airdrop for Our Incredible Community!,1,1,-1,1
F5 - 1220. Fwd: Dear friend,1,1,-1,1
F5 - 1221. Confirm Your Subscription,1,1,0,1
F5 - 1222. USDT Withdrawal Request Received,1,1,-1,1
"F5 - 1224. Congratulations! Your wallet's hash value qualifies you for a claim of 34,900
 $ARB tokens in Block 18108002!",1,1,0,1
"F5 - 1225. Fw: Good Day , ----------From United Nation Economic (UN).",1,1,0,1
F5 - 1230. Action Required: Account Suspension Notification,1,1,0,1
"F5 - 1235. Fw: $200 in free bitcoins every hour! Multiply bitcoins 4,750x!",1,0,0,1
F5 - 1240. Fw: I wish to small talk;-) My propitious Sir Bland),1,0,0,1
"F5 - 1245. Fw: The 6 Best Ways To Easily Make Money on Swagbucks (paid out over
 $923 million until now)",1,0,0,1
F5 - 1265,1,0,-1,1
F5 - 1266. Order Confirmation Alert,1,0,0,1
F5 - 1267. Norton antivirus no. #4611QDS#,1,1,0,1
F5 - 1268. New protonmail.com Shared_Document_ 0DFDA1C6,1,0,-1,1
F5 - 1269. New Order from Indonesia,1,0,0,1
F5 - 1270. MSG-PSWD notice on,1,1,0,1
F5 - 1273. Easy. Secure. Built into iPhone.,1,1,0,1
F5 - 1274. Email: wpx@protonmail.com Rectification deactivation,1,1,-1,1
F5 - 1275. email list and database for sell,1,1,0,1
F5 - 1276. Final notice: garyb59@protonmail.com suspended!,1,0,-1,1
F5 - 1277. FW: Due Invoice Payment - protonmail.com - Wire Transfer Document,1,0,-1,1
F5 - 1278. Get Free UNI Tokens From The V4 Protocol Reward Program,1,0,-1,1
"F5 - 1279. Fw: New Statement : Your benefits are on hold due to a billing issue.
 September 7, 2023 Caseid#9564-525102",1,0,-1,1
F5 - 1280. Announcement* :   Withdraw Process is Authorized Now !!,1,0,-1,1
"F5 - 1300. Congratulations! Your wallet's hash value qualifies you for a claim of 34,900
 $ARB tokens in Block 18108002!",1,0,-1,1
F5 - 1360. =?utf-8?Q?[TrustWallet=20APP]=20Compliance=20Alert:=20Avoid=20Asset=20Freeze?=,1,0,-1,1
F5 - 1362. Case Success: Your Assets Are Approved,1,1,1,0
F5 - 1364. Final Reminder: Withdraw your funds today,1,1,0,0
"F5 - 1365. In re FTX Trading Ltd. =?UTF-8?B?4oCT?= Customer Claims Bar Date
 Reminder",1,1,0,0
F5 - 1372. =?utf-8?q?Action_Required=3A_Verify_your_Trust_Wallet_!?=,1,1,1,0
F5 - 1381. See What Everyone's Whispering About: Energy's Future,1,1,1,0
"F5 - 1395. Join the Talk, and... Well, There's a Surprise!",1,1,1,0
"F10-1, [COU SIGNING] DTI X Google Career Certification Program.eml",1,1,1,0
"F10-2, [EXTERNAL] Request for Consultation for Thesis Chapter 1-3.eml",1,1,1,0
"F10-3, [FINAL] for PRINTING - PPL Group3 Evaluation Sheet.eml",1,1,1,0
"F10-4, [Mnet Plus] ÏÑúÎπÑÏä§ Ïù¥Ïö©ÏïΩÍ¥Ä Í∞úÏ†ï ÏïàÎÇ¥ _ Announcement of the revision of Mnet Plus Service Terms and Conditions.eml",1,1,1,0
"F10-5, [ONGOING] Sea the Future Ahead_ The Dive to Uncovering the Reality of CCIS Careers.eml",1,1,1,0
"F10-6,[rurulmbrttgd_pupcb-frontend] merge nyo to (PR #1).eml",1,1,1,0
"F10-7,[Taktyl Studios, Inc.] Pre- Screening - Game Developer Intern.eml",1,1,1,0
"F10-8,[UPCAT] UPCAT 2020 Test Permit Availability and Exam Details.eml",1,1,0,0
"F10-9,_üì£ YouTube removed your content .eml",1,1,0,0
"F10-10, ‚è∞ Time management tips to boost productivity.eml",1,1,0,0
"F10-11, A Plague Tale_ Innocence from your Steam wishlist is now on sale!.eml",1,1,1,0
"F10-12, Activate Account.eml",1,1,0,0
"F10-13, Adobe Scan 03 Jan. 2023 (1) (1) (1).eml",1,1,1,0
"F10-14, Application for Internship Program.eml",1,1,1,0
"F10-15, Application for Intership Program (1)-capstone.eml",1,1,1,0
"F10-16, Application for Intership Program (2)-Affluent.eml",1,1,1,0
"F10-17, Application for Intership Program (3)- dev.eml",1,1,0,0
"F10-18, Application for Intership Program (4)-capstone.eml",1,1,1,0
"F10-19, Application Status for the 2021 Undergraduate Scholarships.eml",1,1,1,0
"F10-20, Applying for Student Assistant role.eml",1,1,1,0
"F10-21, August 99 Internship Opportunity.eml",1,1,1,0
"F10-22, BPI D.A.T.A. Wave Summit 2023 Reminders and Event Passes.eml",1,1,1,0
"F10-23, BSCS 3-2 Wrong announcement.eml",1,1,1,0
"F10-24, Buzzsprout Newsletter_ How Episode Numbers Impact SEO.eml",1,1,0,0
"F10-25, Career Fest 2023 Certificates.eml",1,1,1,0
"F10-26, Collect Stars Any Way You Pay ‚≠ê.eml",1,1,1,0
"F10-27, Connection Starts Here.eml",1,1,1,0
"F10-28, Data science projects that must be on your resume...eml",1,1,1,0
"F10-29, Did we do well_.eml",1,1,1,0
"F10-30, Doc May 04 2021 23.35.pdf.eml",1,1,1,0
"F10-31, Document shared with you_ _Boundless Rivalry_ Makati and Taguig's Territorial Dispute for Bonifacio Global City_.eml",1,1,0,0
"F10-32, Document shared with you_ _Event Proposal SY. 2023-2024_.eml",1,1,1,0
"F10-33, Don't Miss the Chance_ Job Opportunities at Tech Mahindra.eml",1,1,0,0
"F10-34, DON'T MISS THIS OUT! ALORICA UPDATES.eml",1,1,0,0
"F10-35, Due tomorrow_ _Final PL Documentation with Lexical Analyzer Software_.eml",1,1,1,0
"F10-36, Due tomorrow_ _Online Class Agreement Form_.eml",1,1,1,0
"F10-37, Erica Joy Cavaneyro _ QA Intern.eml",1,1,1,0
"F10-38, Erica Joy, October is Cybersecurity Awareness month. Strengthen your account's security with the following tips..eml",1,1,1,0
"F10-39, Erica, you can't miss these courses for Computer Science Engineering (CSE) üëÄ.eml",1,1,1,0
"F10-40, eti.eml",1,1,0,0
"F10-41, file.pdf.eml",1,1,0,0
"F10-42, Folder shared with you_ _11.24 John Carlo Cavaneyro_.eml",1,1,0,0
"F10-43, Folder shared with you_ _OJT Documents_.eml",1,1,1,0
"F10-44, Get creative this semester.eml",1,1,0,0
"F10-45, GForest, your tree-planting partner!.eml",1,1,1,0
"F10-46, Hours left! Use your coupon now!.eml",1,1,0,0
"F10-47, IG post.eml",1,1,1,0
"F10-48, Inquiry About Online Dermatology Consultation Services (1).eml",1,1,1,0
"F10-49, Inquiry About Online Dermatology Consultation Services.eml",1,1,0,0
"F10-50, Inquiry at Backpackers‚Äô Fully Furnish Home. No Parking Space for Jul 3 - 4, 2023.eml",1,1,1,0
"F10-51, Invitation for Internship at 1Devs PH.eml",1,1,1,0
"F10-52, Invitation to DataHack Summit 2023_ Dive into the Future of AI.eml",1,1,1,0
"F10-53, Invitation_ Interview for Internship- Erica Joy Cavaneyro @ Tue Aug 15, 2023 5pm - 6pm (PST) (cavaneyroericajoysarilan@gmail.com).eml",1,1,1,0
"F10-54, JOB OPPORTUNITIES AT TECH MAHINDRA.eml",1,1,1,0
"F10-55, JoyRide Superapp Notification [462586] Order ID 12303314701148799.eml",1,1,1,0
"F10-56, Kumusta_ (1).eml",1,1,1,0
"F10-57, Kumusta_.eml",1,1,1,0
"F10-58, LANDBANK iAccess Inactive Account.eml",1,1,1,0
"F10-59, Let‚Äôs FIBER-FASTRACK YOUR APPLICATION.eml",1,1,0,0
"F10-60, Let‚ÄôsFIBER-FASTRACK YOUR APPLICATION.eml",1,1,1,0
"F10-61, Limited time offer_ $1 unlocks unlimited opportunities.eml",1,1,0,0
"F10-62, Member Access_ Nike Air Max 1 '86 OG Golf 'Black_White'.eml",1,1,1,0
"F10-63, Member Exclusive Access_ BLACKPINK + Starbucks Tumblers!.eml",1,1,1,0
"F10-64,Meracle L Bruce replied to a comment on _Blue Purple Retro Illustration Word Puzzle Game Presentation_.eml",1,1,1,0
"F10-65, Message from McDonald's PH.eml",1,1,1,0
"F10-66, Move in form.eml",1,1,1,0
"F10-67, New device login detected.eml",1,1,1,0
"F10-68, New Device Login.eml",1,1,1,0
"F10-69, New login to Instagram from Instagram on Apple iPhone.eml",1,1,1,0
"F10-70, New material_ _REMEDIAL FINAL EXAM PART 1_.eml",1,1,1,0
"F10-71, Ninja Van has successfully delivered your parcel SEBG1057373697238929408.eml",1,1,1,0
"F10-72, Notifications & Updates for You_ Using k-Nearest Neighbors (kNN) in Python.eml",1,1,0,0
"F10-73, NumPy, AI and Data Science_ How to get hired by the world‚Äôs best companies.eml",1,1,1,0
"F10-74, OJT Application Form.eml",1,1,1,0
"F10-75, Order Confirmation for Women in AI - Engage USA - Artificial Intelligence and Gender Bias.eml",1,1,0,0
"F10-76, Payment Reminder.eml",1,1,1,0
"F10-77, Please verify your email address.eml",1,1,1,0
"F10-78, Power Spike ‚Äò23 Anniversary is Back On!.eml",1,1,1,0
"F10-79, Print.eml",1,1,1,0
"F10-80, PUP Client Satisfaction Survey.eml",1,1,0,0
"F10-81, PyCharm 2023.2 Is Out! See What‚Äôs Inside ‚û°Ô∏èü§©.eml",1,1,0,0
"F10-82, Request for Move Out July 8, 2023.eml",1,1,1,0
"F10-83, Request for PhishTector paper.eml",1,1,1,0
"F10-84, Request for Research Dataset (1).eml",1,1,1,0
"F10-85, Request for Research Dataset (2).eml",1,1,0,0
"F10-86, Request for Research Dataset (3).eml",1,1,1,0
"F10-87, Resident ID Application.eml",1,1,1,0
"F10-88, Resume.eml",1,1,0,0
"F10-89, rurulmbrttgd invited you to rurulmbrttgd_pupcb-frontend.eml",1,1,1,0
"F10-90, Save on these pay-yay must-haves.eml",1,1,1,0
"F10-91, Starbucks Registration Verification.eml",1,1,1,0
"F10-92, Thank you for participating!.eml",1,1,1,0
"F10-93, Transform your Media with Cloudinary.eml",1,1,1,0
"F10-94, Update on your StrawPoll.eml",1,0,-1,1
"F10-95, Walang dumating na mensahe.eml",1,0,-1,1
"F10-96, Welcome to Looker Studio.eml",1,0,-1,1
"F10-97, We've made it easier for you. üìß.eml",1,0,0,1
"F10-98, üìÑ _HOTEL MANAGEMENT INFORMATION SYSTEM PROJECT FINAL_ by Gideon Babatunde.eml",1,0,-1,1
"F10-99, üìÑ _Online Dormitory Reservation System_ by Ramata Tesfa.eml",1,0,-1,1
F10-100. Ìú¥Î©¥ Í≥ÑÏ†ï Ï†ÑÌôò ÏòàÏ†ï ÏïàÎÇ¥ _ Notice of Dormant Account Transition Schedule.eml,1,0,-1,1
"F9 -1, phishing0 - 0.eml",1,0,-1,1
"F9 -2, phishing0 - 1.eml",1,0,-1,1
"F9 -3, phishing0 - 10.eml",1,0,-1,1
"F9 -4, phishing0 - 100.eml",1,0,-1,1
"F9 -5, phishing0 - 101.eml",1,0,-1,1
"F9 -6, phishing0 - 102.eml",1,0,-1,1
"F9 -7, phishing0 - 103.eml",1,0,-1,1
"F9 -8, phishing0 - 104.eml",1,0,-1,1
"F9 -9, phishing0 - 105.eml",1,0,-1,1
"F9 -10, phishing0 - 106.eml",1,0,-1,1
"F9 -11, phishing0 - 107.eml",1,0,-1,1
"F9 -12, phishing0 - 108.eml",1,0,-1,1
"F9 -13, phishing0 - 109.eml",1,0,-1,1
"F9 -14, phishing0 - 110.eml",1,0,-1,1
"F9 -15, phishing0 - 111.eml",1,0,-1,1
"F9 -16, phishing0 - 112.eml",1,0,-1,1
"F9 -17, phishing0 - 113.eml",1,0,-1,1
"F9 -18, phishing0 - 114.eml",1,0,-1,1
"F9 -19, phishing0 - 115.eml",1,0,-1,1
"F9 -20, phishing0 - 116.eml",1,0,-1,1
"F9 -21, phishing0 - 117.eml",1,0,-1,1
"F9 -22, phishing0 - 118.eml",1,0,-1,1
"F9 -23, phishing0 - 119.eml",1,0,-1,1
"F9 -24, phishing0 - 120.eml",1,0,-1,1
"F9 -25, phishing0 - 121.eml",1,0,-1,1
"F9 -26, phishing0 - 122.eml",1,0,-1,1
"F9 -27, phishing0 - 123.eml",1,0,-1,1
"F9 -28, phishing0 - 124.eml",1,0,-1,1
"F9 -29, phishing0 - 125.eml",1,0,-1,1
"F9 -30, phishing0 - 126.eml",1,0,-1,1
"F9 -31, phishing0 - 127.eml",1,0,-1,1
"F9 -32, phishing0 - 128.eml",1,0,-1,1
"F9 -33, phishing0 - 129.eml",1,0,-1,1
"F9 -34, phishing0 - 130.eml",1,0,-1,1
"F9 -35, phishing0 - 131.eml",1,0,-1,1
"F9 -36, phishing0 - 132.eml",1,0,-1,1
"F9 -37, phishing0 - 133.eml",1,0,-1,1
"F9 -38, phishing0 - 134.eml",1,0,-1,1
"F9 -39, phishing0 - 135.eml",1,0,-1,1
"F9 -40, phishing0 - 136.eml",1,0,-1,1
"F9 -41, phishing0 - 137.eml",1,0,-1,1
"F9 -42, phishing0 - 138.eml",1,0,-1,1
"F9 -43, phishing0 - 139.eml",1,0,-1,1
"F9 -44, phishing0 - 140.eml",1,0,-1,1
"F9 -45, phishing0 - 141.eml",1,0,-1,1
"F9 -46, phishing0 - 142.eml",1,0,-1,1
"F9 -47, phishing0 - 143.eml",1,0,-1,1
"F9 -48, phishing0 - 144.eml",1,0,-1,1
"F9 -49, phishing0 - 145.eml",1,0,-1,1
"F9 -50, phishing0 - 146.eml",1,0,-1,1
"F9 -51, phishing0 - 147.eml",1,0,-1,1
"F9 -52, phishing0 - 148.eml",1,0,-1,1
"F9 -53, phishing0 - 149.eml",1,0,-1,1
"F9 -54, phishing0 - 150.eml",1,0,-1,1
"F9 -55, phishing0 - 151.eml",1,0,-1,1
"F9 -56, phishing0 - 152.eml",1,0,-1,1
"F9 -57, phishing0 - 153.eml",1,0,-1,1
"F9 -58, phishing0 - 154.eml",1,0,-1,1
"F9 -59, phishing0 - 155.eml",1,0,-1,1
"F9 -60, phishing0 - 156.eml",1,0,-1,1
"F9 -61, phishing0 - 157.eml",1,0,-1,1
"F9 -62, phishing0 - 158.eml",1,0,-1,1
"F9 -63, phishing0 - 159.eml",1,0,-1,1
"F9 -64, phishing0 - 160.eml",1,0,-1,1
"F9 -65, phishing0 - 161.eml",1,0,-1,1
"F9 -66, phishing0 - 162.eml",1,0,-1,1
"F9 -67, phishing0 - 163.eml",1,0,-1,1
"F9 -68, phishing0 - 164.eml",1,0,-1,1
"F9 -69, phishing0 - 165.eml",1,0,-1,1
"F9 -70, phishing0 - 166.eml",1,0,-1,1
"F9 -71, phishing0 - 167.eml",1,0,-1,1
"F9 -72, phishing0 - 168.eml",1,0,-1,1
"F9 -73, phishing0 - 169.eml",1,0,-1,1
"F9 -74, phishing0 - 170.eml",1,0,-1,1
"F9 -75, phishing0 - 171.eml",1,0,-1,1
"F9 -76, phishing0 - 172.eml",1,0,-1,1
"F9 -77, phishing0 - 173.eml",1,0,-1,1
"F9 -78, phishing0 - 174.eml",1,0,-1,1
"F9 -79, phishing0 - 175.eml",1,0,-1,1
"F9 -80, phishing0 - 176.eml",1,0,-1,1
"F9 -81, phishing0 - 177.eml",1,0,-1,1
"F9 -82, phishing0 - 178.eml",1,0,-1,1
"F9 -83, phishing0 - 179.eml",1,0,-1,1
"F9 -84, phishing0 - 180.eml",1,0,-1,1
"F9 -85, phishing0 - 181.eml",1,0,-1,1
"F9 -86, phishing0 - 182.eml",1,0,-1,1
"F9 -87, phishing0 - 183.eml",1,0,-1,1
"F9 -88, phishing0 - 184.eml",1,0,-1,1
"F9 -89, phishing0 - 185.eml",1,0,-1,1
"F9 -90, phishing0 - 186.eml",1,0,-1,1
"F9 -91, phishing0 - 187.eml",1,0,-1,1
"F9 -92, phishing0 - 188.eml",1,0,-1,1
"F9 -93, phishing0 - 189.eml",1,0,-1,1
"F9 -94, phishing0 - 190.eml",1,1,1,0
"F9 -95, phishing0 - 191.eml",1,1,1,0
"F9 -96, phishing0 - 192.eml",1,1,1,0
"F9 -97, phishing0 - 193.eml",1,1,1,0
"F9 -98, phishing0 - 194.eml",1,1,0,0
"F9 -99, phishing0 - 195.eml",1,1,1,0
"F9 -100, phishing0 - 196.eml",1,1,0,0
F12 - 1 - I have a GTX 1650 Ti 4GB with 8GB RAM. Is it safe to upgrade my RAM to 16GB_ Will there be too much load on my graphics card_ What benefits will I..._.eml,1,1,0,0
F12 - 2 - Enhance Your Trading with Binance Markets Overview.eml,1,1,1,0
F12 - 3 - Continue where you left off with ExpressVPN.eml,1,1,1,0
F12 - 4 - Important Updates to Our Privacy Statement and Terms of Service.eml,1,1,1,0
F12 - 5 - TREE ALERT_ You Can Plant Coffee Trees Again!.eml,1,1,1,0
"F12 - 6 - Access curated offers and apps from Adobe, Amazon, Miro, and more.eml",1,1,1,0
F12 - 7 -Earn up to 15% on your UpSave_GSave account! No cap..eml,1,1,1,0
"F12 - 8 - Organize, update, and enrich assets at scale with MediaFlows",1,1,1,0
F12 - 9 - ü•≥ Claim Binance Points & Solve Daily Puzzles in Word of the Day!.eml,1,1,1,0
F12 - 10 - Member Access_ Air Jordan 3 'Fear'.eml,1,1,1,0
F12 - 11 - How do you like GCrypto_ ü§î,1,1,1,0
F12 - 12 - Your trial has ended,1,1,1,0
F12 - 13 - Your MongoDB Atlas M0 cluster will be automatically paused in 7 days,1,1,1,0
F12 - 14 - Sulit Sweldo Sale! Get 100% Free Shipping and Up to P500 OFF!!ü§©,1,1,1,0
F12 - 15 - Your account has been disabled!,1,1,1,0
F12 - 16 - RonÔºåMajor Update Released - Dive Back into Farlight 84!,1,1,1,0
F12 - 17 - RESERVE __ Nike LeBron XXI EP 'Tahitian',1,1,1,0
F12 - 18 - Expiring tonight_ 30% off Premium,1,1,1,0
F12 - 19 - Ready for the Secret Ingredient to Job Success_,1,1,1,0
"F12 - 20 - Dear inaanak Ronald, here‚Äôs ‚Ç±50 for you üëâ",1,1,1,0
"F12 - 21 - Dear Ronald, did you enjoy the ‚Ç±50 treat, inaanak_",1,1,1,0
F12 - 22 - SNKRS Launch_ Air Jordan 1 High OG 'Royal Re-Imagined',1,1,1,0
"F12 - 23 - New_ Plagiarism detection in Docs, Word, and more!",1,1,1,0
F12 - 24 - Coming Soon_ 11.11 Sale,1,1,1,0
"F12 - 25 - _hire Indian_, _TaskSay_ and 3 other boards inspired by your recent activity",1,1,1,0
F12 - 26 - Vouchers = savings. üí∞,1,1,1,0
F12 - 27 - 11.11 Sale_ Cop Your Fave Iconic Nike kicks,1,1,0,0
F12 - 28 - Your grand pasko prizes await! üò± üéÑ,1,1,1,0
F12 - 29 - SNKRS_ Your Weekly Drops,1,1,1,0
F12 - 30 - Your grand pasko prizes await! üò± üéÑ,1,1,1,0
"F12 - 31 - Get as much as ‚Ç±2,000 off on the Galaxy A Series!",1,1,1,0
"F12 - 32 - Ronald, Claim your Creately Premium Account today!",1,1,0,0
F12 - 33 - SNKRS Launch_ Air Force 1 Mid x Off-White‚Ñ¢ 'White and Varsity Maize',1,1,1,0
F12 - 34 - GCrypto Official Telegram Channel Invitation,1,1,1,0
F12 - 35 - 11.11 Sale_ Up to 60% Off Sale Items ‚ú®‚ú®‚ú®,1,1,1,0
"F12 - 36 - Mr, you have a good eye",1,1,1,0
F12 - 37 - 11.11 Sale Ends Soon üõí ‚è∞,1,1,1,0
"F12 - 38 - Psst, it's 11.11 timeüì£Everything on sale!üõçÔ∏è",1,1,1,0
"F12 - 39 - Yay, GForest Green Heroes are now 15M!",1,1,1,0
F12 - 40 - Save up and stock up with pandamart. üõí,1,1,1,0
F12 - 41 - Alan Gibson and others share their thoughts on LinkedIn,1,1,1,0
F12 - 42 - SNKRS_ Your Weekly Drops,1,1,1,0
"F12 - 43 - Ronald Lambert, don‚Äôt miss out on exclusive discounts!",1,1,1,0
F12 - 44 - NASA Mars Exploration Newsletter_ November 2023,1,1,1,0
F12 - 45 - Two NetAcad.com Planned Maintenance Periods,1,1,1,0
F12 - 46 - Jordan Presents 'BEYOND',1,1,1,0
"F12 - 47 - Mr, you have a good eye",1,1,1,0
F12 - 48 - Earn up to 15% on your UpSave_GSave account! No cap.,1,1,1,0
"F12 - 49 - Dear inaanak Ronald, here‚Äôs ‚Ç±50 for you üëâ",1,1,1,0
F12 - 50 - Got Jollibee - Sta Mesa on your mind_,1,1,1,0
"F12 - 51 - Dear Ronald, did you enjoy the ‚Ç±50 treat, inaanak_",1,1,1,0
F12 - 52 - ü§´ Be the first to save 55% on Premium,1,1,1,0
"F12 - 53 - Latest at TITAN __ November 18, 2023",1,1,1,0
F12 - 54 - What time is it_ ‚Ç±100 off your meals o'clock! ‚è∞,1,1,1,0
F12 - 55 - Deliver within NEW provinces!üìç,1,1,1,0
F12 - 56 - 11.11 Sale Starts Now,1,1,1,0
"F12 - 57 - Dear Ronald, did you enjoy the ‚Ç±50 treat, inaanak_",1,1,1,0
F12 - 58 - More Styles to üõçÔ∏è,1,1,1,0
F12 - 59 - Meet the new Galaxy S23 FE.,1,1,1,0
F12 - 60 - Here‚Äôs 20% Off_ Trade on Coins Pro Again!,1,1,1,0
F12 - 61 - Hello human. It‚Äôs FigJam AI.,1,1,1,0
"F12 - 62 - Ronald Nicolas, Firebase Demo Day is here!",1,1,1,0
F12 - 63 - Document shared with you_ _Copy of Group 6 evaluated by Group 2_,1,1,1,0
F12 - 64 - Latest Weekly News from Klever,1,1,1,0
F12 - 65 - Competition Launch_ Enefit ‚Äì Predict Energy Behavior of Prosumers,1,1,1,0
F12 - 66 - Member Access_ Air Jordan 1 Low G NRG 'Metallic Silver',1,1,1,0
F12 - 67 - Competition Launch_ SenNet + HOA - Hacking the Human Vasculature in 3D,1,1,1,0
F12 - 68 - New announcement_ _Synchronous Class # 1 - 11-11-2023‚Ä¶_,1,1,1,0
"F12 - 69 - New jobs from your November 6, 2023 feed",1,1,1,0
F12 - 70 - Capstone Intel Corporation and others share their thoughts on LinkedIn,1,1,1,0
F12 - 71 - p.s. Ronald Nicolas_ You're about to lose access to Dropbox space,1,1,1,0
"F12 - 72 - New jobs from your November 7, 2023 feed",1,1,1,0
F12 - 73 - We've got you covered,1,1,1,0
F12 - 74 - New assignment_ _Online Class Agreement Form_,1,1,1,0
F12 - 75 - Enjoy 7 Days of Real Python Access ‚ú®,1,1,1,0
"F12 - 76 - Ronald, register now for DevFest 2023",1,1,1,0
F12 - 77 - The place you added is getting noticed,1,1,0,0
"F12 - 78 - New jobs from your October 24, 2023 feed",1,1,1,0
F12 - 79 - üéÉTrick or treat-yo-self,1,1,1,0
F12 - 80 - ‚è∞ Don't miss out on free Real Python access,1,1,1,0
F12 - 81 - Who is more technologically advanced The USA or China_,1,1,1,0
F12 - 82 - Competition Launch_ LLM - Detect AI Generated Text,1,1,1,0
F12 - 83 - We've updated our Privacy Policy,1,1,1,0
F12 - 84 - original_msg,1,1,1,0
F12 - 85 - Payment Confirmation for Transaction Ref_ RSDM9A9KU9,1,1,1,0
F12 - 86 - Explore Real Python for a full week,1,1,1,0
F12 - 87 - A phone number was added to your Steam account,1,1,1,0
"F12 - 88 - Walk your walk to nonstop music with 3 months of Premium Student, only for ‚Ç±75.",1,1,1,0
F12 - 89 - Security alert,1,1,1,0
F12 - 90 - Intern-Status of Application,1,1,1,0
F12 - 91 - #CIMBSecuriTips_ Only download the CIMB Bank PH app from trusted and legitimate sources,1,1,1,0
"F12 - 92 - CDC Slides Sep 12 2023_ VE (Hospitalization) vs periods of XBB, BQ.1, BA.4_5 predominance My interpretation_ Original monovalent vaccines no longer...",1,1,1,0
F12 - 93 - Gallery of Athletes Information,1,1,1,0
F12 - 94 - More 4-Wheel coupons here üéÅ,1,0,-1,1
F12 - 95 - Registration confirmation for Introduction to Data Studio,1,0,-1,1
F12 - 96 - Matthew just messaged you,1,0,-1,1
F12 - 97 - Last call to join us for the free webinar 13 Pro Git Tips for JetBrains IDEs ‚Äì boost your coding prowess with JetBrains IDEs!,1,0,-1,1
F12 - 98 - CONVERGE INTERNET - REQUEST TO VERIFY THE SERVICEABILITY FOR LOCATION,1,0,-1,1
F12 - 99 - Naki-USOK na ba ang lahat_ Watch this!,1,0,-1,1
F12 - 100 -Connect data now to get the most out of Looker Studio,1,0,-1,1
F6 - phishing2 - 1088.eml,1,0,-1,1
F6 - phishing2 - 1089.eml,1,0,-1,1
F6 - phishing2 - 1090.eml,1,0,-1,1
F6 - phishing2 - 1091.eml,1,0,-1,1
F6 - phishing2 - 1092.eml,1,0,-1,1
F6 - phishing2 - 1093.eml,1,0,-1,1
F6 - phishing2 - 1094.eml,1,0,-1,1
F6 - phishing2 - 1095.eml,1,0,-1,1
F6 - phishing2 - 1096.eml,1,0,-1,1
F6 - phishing2 - 1097.eml,1,0,-1,1
F6 - phishing2 - 1098.eml,1,0,-1,1
F6 - phishing2 - 1099.eml,1,0,-1,1
F6 - phishing2 - 1100.eml,1,0,-1,1
F6 - phishing2 - 1101.eml,1,0,-1,1
F6 - phishing2 - 1102.eml,1,0,-1,1
F6 - phishing2 - 1103.eml,1,0,-1,1
F6 - phishing2 - 1104.eml,1,0,-1,1
F6 - phishing2 - 1105.eml,1,0,-1,1
F6 - phishing2 - 1106.eml,1,0,-1,1
F6 - phishing2 - 1107.eml,1,0,-1,1
F6 - phishing2 - 1108.eml,1,0,-1,1
F6 - phishing2 - 1109.eml,1,0,-1,1
F6 - phishing2 - 1110.eml,1,0,-1,1
F6 - phishing2 - 1111.eml,1,0,-1,1
F6 - phishing2 - 1112.eml,1,0,-1,1
F6 - phishing2 - 1113.eml,1,0,-1,1
F6 - phishing2 - 1114.eml,1,0,-1,1
F6 - phishing2 - 1115.eml,1,0,-1,1
F6 - phishing2 - 1116.eml,1,0,-1,1
F6 - phishing2 - 1117.eml,1,0,-1,1
F6 - phishing2 - 1118.eml,1,0,-1,1
F6 - phishing2 - 1119.eml,1,0,-1,1
F6 - phishing2 - 1120.eml,1,0,-1,1
F6 - phishing2 - 1121.eml,1,0,-1,1
F6 - phishing2 - 1122.eml,1,0,-1,1
F6 - phishing2 - 1123.eml,1,0,-1,1
F6 - phishing2 - 1124.eml,1,0,-1,1
F6 - phishing2 - 1125.eml,1,0,-1,1
F6 - phishing2 - 1126.eml,1,0,-1,1
F6 - phishing2 - 1127.eml,1,0,-1,1
F6 - phishing2 - 1128.eml,1,0,-1,1
F6 - phishing2 - 1129.eml,1,0,-1,1
F6 - phishing2 - 1130.eml,1,0,-1,1
F6 - phishing2 - 1131.eml,1,0,-1,1
F6 - phishing2 - 1132.eml,1,0,-1,1
F6 - phishing2 - 1133.eml,1,0,-1,1
F6 - phishing2 - 1134.eml,1,0,-1,1
F6 - phishing2 - 1135.eml,1,0,-1,1
F6 - phishing2 - 1136.eml,1,0,-1,1
F6 - phishing2 - 1137.eml,1,0,-1,1
F6 - phishing2 - 1138.eml,1,0,-1,1
F6 - phishing2 - 1139.eml,1,0,-1,1
F6 - phishing2 - 1140.eml,1,0,-1,1
F6 - phishing2 - 1141.eml,1,0,-1,1
F6 - phishing2 - 1142.eml,1,0,-1,1
F6 - phishing2 - 1143.eml,1,0,-1,1
F6 - phishing2 - 1144.eml,1,0,-1,1
F6 - phishing2 - 1145.eml,1,0,-1,1
F6 - phishing2 - 1146.eml,1,0,-1,1
F6 - phishing2 - 1147.eml,1,0,-1,1
F6 - phishing2 - 1148.eml,1,0,-1,1
F6 - phishing2 - 1149.eml,1,0,-1,1
F6 - phishing2 - 1150.eml,1,0,-1,1
F6 - phishing2 - 1151.eml,1,0,-1,1
F6 - phishing2 - 1152.eml,1,0,-1,1
F6 - phishing2 - 1153.eml,1,0,-1,1
F6 - phishing2 - 1154.eml,1,0,-1,1
F6 - phishing2 - 1155.eml,1,0,-1,1
F6 - phishing2 - 1156.eml,1,0,-1,1
F6 - phishing2 - 1157.eml,1,0,-1,1
F6 - phishing2 - 1158.eml,1,0,-1,1
F6 - phishing2 - 1159.eml,1,0,-1,1
F6 - phishing2 - 1160.eml,1,0,-1,1
F6 - phishing2 - 1161.eml,1,0,-1,1
F6 - phishing2 - 1162.eml,1,0,-1,1
F6 - phishing2 - 1163.eml,1,0,-1,1
F6 - phishing2 - 1164.eml,1,0,-1,1
F6 - phishing2 - 1165.eml,1,0,-1,1
F6 - phishing2 - 1166.eml,1,0,-1,1
F6 - phishing2 - 1167.eml,1,0,-1,1
F6 - phishing2 - 1168.eml,1,0,-1,1
F6 - phishing2 - 1169.eml,1,0,-1,1
F6 - phishing2 - 1170.eml,1,0,-1,1
F6 - phishing2 - 1171.eml,1,0,-1,1
F6 - phishing2 - 1172.eml,1,0,-1,1
F6 - phishing2 - 1173.eml,1,0,-1,1
F6 - phishing2 - 1174.eml,1,0,-1,1
F6 - phishing2 - 1175.eml,1,0,-1,1
F6 - phishing2 - 1176.eml,1,0,-1,1
F6 - phishing2 - 1177.eml,1,0,-1,1
F6 - phishing2 - 1178.eml,1,0,-1,1
F6 - phishing2 - 1179.eml,1,0,-1,1
F6 - phishing2 - 1180.eml,1,0,-1,1
F6 - phishing2 - 1181.eml,1,0,-1,1
F6 - phishing2 - 1182.eml,1,0,-1,1
F6 - phishing2 - 1183.eml,1,0,-1,1
F6 - phishing2 - 1184.eml,1,0,-1,1
F6 - phishing2 - 1185.eml,1,0,-1,1
F6 - phishing2 - 1186.eml,1,0,-1,1
F6 - phishing2 - 1187.eml,1,0,-1,1